Type,Start,End,Size,No. of ORFs,G+C content,AAA,AAC,AAG,AAT,ACA,ACC,ACG,ACT,AGA,AGC,AGG,AGT,ATA,ATC,ATG,ATT,CAA,CAC,CAG,CAT,CCA,CCC,CCG,CCT,CGA,CGC,CGG,CGT,CTA,CTC,CTG,CTT,GAA,GAC,GAG,GAT,GCA,GCC,GCG,GCT,GGA,GGC,GGG,GGT,GTA,GTC,GTG,GTT,TAA,TAC,TAG,TAT,TCA,TCC,TCG,TCT,TGA,TGC,TGG,TGT,TTA,TTC,TTG,TTT
1,233809,271692,37884,37,50.59 %,847,547,472,685,487,458,512,386,506,687,525,440,585,664,615,675,491,487,1042,627,681,342,666,436,382,773,821,518,176,343,917,487,637,404,410,682,773,731,860,640,560,787,478,707,478,488,611,728,576,405,234,545,706,594,456,461,685,757,708,640,521,722,647,970
1,294667,303175,8509,7,43.66 %,189,145,105,195,120,129,85,112,124,102,96,117,195,137,153,213,122,87,174,170,141,122,120,115,67,81,94,103,53,85,207,129,139,96,99,129,118,111,66,108,87,96,83,140,122,124,122,204,185,118,61,204,174,135,74,139,185,124,133,212,198,176,172,285
1,1090675,1098915,8241,5,39.98 %,270,140,123,243,139,86,88,116,125,87,105,119,206,138,196,232,120,71,166,143,77,49,70,91,71,61,74,79,63,81,176,120,189,85,94,141,117,65,67,99,122,79,101,116,142,79,127,160,198,133,53,245,167,87,60,134,191,121,138,194,218,150,144,297
1,1105946,1152156,46211,46,48.86 %,1132,737,583,910,812,696,530,576,657,696,668,624,808,779,952,841,592,675,1279,742,680,510,844,548,468,600,865,540,229,479,1213,555,926,615,555,806,893,781,662,687,789,863,723,756,643,600,750,708,712,587,228,922,903,596,437,665,988,864,875,781,769,743,592,969
1,2071633,2118337,46705,29,54.08 %,910,864,514,694,652,714,796,505,477,869,557,408,547,768,740,772,735,650,1099,729,761,710,1045,656,745,1529,904,677,311,553,1253,583,786,644,491,785,1030,1182,1343,951,632,1127,525,619,362,581,549,709,551,509,207,619,770,566,671,588,853,981,916,497,666,693,705,867
1,2188762,2220721,31960,32,51.57 %,743,579,371,478,516,552,487,412,416,532,420,344,457,534,526,519,412,523,825,562,535,502,690,410,403,605,643,457,156,418,867,368,638,431,368,548,652,615,564,538,500,585,417,499,357,406,482,505,378,434,148,448,619,468,367,449,667,647,521,450,438,545,409,602
1,3330157,3384105,53949,46,48.49 %,1341,984,675,1134,702,841,835,552,675,914,544,610,907,1106,795,1161,926,814,1275,967,1146,589,932,600,717,1346,903,772,334,541,1082,749,851,563,451,973,1064,1076,1197,856,569,881,412,754,622,603,616,979,1016,569,342,896,1070,760,774,698,877,1052,757,684,960,1052,877,1626
1,4887192,4904982,17791,14,45.47 %,476,283,224,472,231,206,230,184,198,215,202,186,324,294,390,523,329,179,316,310,260,129,248,178,222,289,270,232,123,126,340,238,349,183,153,337,333,289,327,232,237,334,240,280,201,181,255,368,301,206,108,412,310,191,208,233,366,343,379,307,378,341,410,569
2,1322348,1331831,9484,9,52.19 %,199,141,110,199,108,136,154,87,112,184,105,98,142,199,137,166,135,122,234,156,200,105,189,109,158,253,192,156,52,71,212,118,155,127,102,169,182,214,270,173,114,206,96,154,111,122,145,148,160,95,53,121,157,148,146,84,169,196,177,118,124,143,165,198
2,2423604,2437440,13837,17,52.81 %,298,246,201,213,204,222,280,146,187,318,130,155,186,267,187,216,264,274,403,229,348,198,271,137,212,451,249,205,83,123,288,163,203,172,119,254,362,365,351,233,131,248,110,183,145,157,146,230,193,160,67,161,256,169,215,141,218,294,183,135,167,234,208,270
2,4850242,4861410,11169,12,48.85 %,306,139,148,225,143,177,135,109,120,157,132,120,173,156,198,236,137,149,214,178,135,151,260,167,112,209,215,170,63,127,272,195,198,159,103,172,184,236,202,198,156,215,116,139,104,137,208,173,177,117,64,188,216,148,109,183,245,239,163,193,206,236,162,392
