Type,Start,End,Size,No. of ORFs,G+C content,Name,Insertion Site,AAA,AAC,AAG,AAT,ACA,ACC,ACG,ACT,AGA,AGC,AGG,AGT,ATA,ATC,ATG,ATT,CAA,CAC,CAG,CAT,CCA,CCC,CCG,CCT,CGA,CGC,CGG,CGT,CTA,CTC,CTG,CTT,GAA,GAC,GAG,GAT,GCA,GCC,GCG,GCT,GGA,GGC,GGG,GGT,GTA,GTC,GTG,GTT,TAA,TAC,TAG,TAT,TCA,TCC,TCG,TCT,TGA,TGC,TGG,TGT,TTA,TTC,TTG,TTT
1,232257,267002,34746,34.0,51.39 %,,,730,508,430,585,418,481,457,357,431,623,448,434,504,625,518,573,455,487,951,599,695,397,688,403,403,742,744,496,132,361,866,458,540,392,353,570,716,741,794,576,448,728,405,610,450,469,524,661,528,326,202,466,663,564,446,481,573,734,593,564,436,699,557,935
1,1370630,1456792,86163,111.0,47.92 %,,,2091,1462,1138,1692,1351,1296,1089,1048,1198,1271,1171,1016,1529,1461,1703,1791,1138,1119,2138,1541,1273,966,1460,1005,904,1132,1523,1131,405,897,2260,1096,1814,1106,997,1554,1492,1328,1235,1380,1418,1492,1188,1349,1134,1060,1282,1449,1340,1096,383,1697,1820,1114,906,1225,1951,1540,1565,1430,1448,1647,1241,2184
1,2712036,2751867,39832,39.0,48.77 %,,,1043,822,592,836,722,633,594,538,522,678,473,482,651,658,712,744,789,576,938,643,639,515,696,477,529,701,659,540,272,432,913,507,789,569,413,666,821,688,663,615,530,697,415,608,472,458,560,615,672,520,212,620,764,491,476,494,856,711,703,476,628,677,561,863
1,3709877,3737387,27511,34.0,35.91 %,,,1070,548,452,992,472,308,208,411,456,339,206,363,914,601,499,969,634,261,386,678,418,197,157,290,253,189,141,224,303,314,387,501,484,226,238,512,397,212,173,310,237,168,125,210,341,222,204,462,874,364,288,801,672,345,269,494,513,396,268,432,770,643,519,1198
1,3851960,3875566,23607,30.0,46.39 %,,,882,446,368,547,433,311,311,316,420,379,253,299,507,445,462,428,358,319,563,408,344,309,385,273,279,323,349,273,152,274,587,287,571,290,279,406,413,362,295,384,338,350,283,282,311,257,297,341,432,316,141,481,458,329,233,328,509,402,368,352,400,372,284,450
1,4580769,4625505,44737,60.0,41.16 %,,,1628,879,709,1357,749,613,453,614,684,643,418,569,1172,970,765,1186,936,518,793,880,693,450,462,577,460,496,435,427,426,603,859,782,850,443,428,742,705,567,443,647,479,481,312,447,552,396,395,711,1159,589,384,1113,980,552,460,832,840,743,554,611,1095,855,729,1434
2,1680399,1691532,11134,12.0,52.01 %,,,216,165,129,216,129,161,193,112,133,209,120,124,167,230,172,184,153,158,274,196,246,131,221,126,183,275,229,174,55,101,248,149,178,149,123,200,210,256,283,200,140,234,113,172,134,139,163,184,179,123,61,141,196,176,164,115,194,231,197,149,148,181,188,231
2,3015562,3031191,15630,16.0,52.25 %,,,333,276,212,251,217,270,299,162,205,351,150,167,230,312,205,265,287,298,433,286,407,225,317,165,233,490,273,228,103,144,310,194,222,186,142,279,386,406,375,261,137,263,121,221,178,178,165,247,231,188,86,196,294,213,233,162,254,324,198,152,190,268,248,325
0,3709877,3737387,27511,,,ETT2,tRNA-Gly,1070,548,452,992,472,308,208,411,456,339,206,363,914,601,499,969,634,261,386,678,418,197,157,290,253,189,141,224,303,314,387,501,484,226,238,512,397,212,173,310,237,168,125,210,341,222,204,462,874,364,288,801,672,345,269,494,513,396,268,432,770,643,519,1198
0,4580769,4623562,42794,,,LEE,tRNA-selC,1571,847,684,1314,718,588,427,591,665,625,403,544,1135,927,740,1121,904,489,767,840,669,433,442,547,447,463,412,405,401,572,801,761,821,422,416,712,672,542,422,607,456,456,293,422,533,374,380,676,1120,566,370,1056,941,528,436,790,804,699,519,592,1043,822,693,1355
